Product Name,Price,Product URL,Image URL,Availability
Aleppo Pepper Flakes Medium-Hot,From $5.99 USD,https://foodsofnations.com/products/aleppo-pepper-flakes-medium-hot-67012300178,https://foodsofnations.com/cdn/shop/files/aleppo-pepper-flakes-medium-hot-67012300178.png?v=1739396354&width=533,In stock
Kashmiri Red Chilli Powder Mild,From $6.99 USD,https://foodsofnations.com/products/kashmiri-red-chilli-powder-mild-67012300431,https://foodsofnations.com/cdn/shop/files/kashmiri-red-chilli-powder-mild-67012300431_3e0d2e4a-3e97-430b-876c-43b0964d4660.png?v=1739312838&width=533,In stock
Spanish Smoked Paprika Pimenton Sweet,From $6.99 USD,https://foodsofnations.com/products/spanish-smoked-paprika-pimenton-sweet-67012300538,https://foodsofnations.com/cdn/shop/files/spanish-smoked-paprika-pimenton-sweet-67012300538_aa19b2a0-ab2f-40ce-8db2-dd5ff84572b4.png?v=1739312951&width=533,In stock
"Paprika, Spanish, Smoked, Sweet",$7.99 USD,https://foodsofnations.com/products/paprika-spanish-smoked-sweet,https://foodsofnations.com/cdn/shop/products/paprika-spanish-smoked-sweet.jpg?v=1616646767&width=533,In stock
"Paprika, Spanish, Smoked, Hot",$7.99 USD,https://foodsofnations.com/products/paprika-spanish-smoked-hot,https://foodsofnations.com/cdn/shop/products/paprika-spanish-smoked-hot.jpg?v=1616646764&width=533,In stock
Hungarian Paprika Sweet,From $5.99 USD,https://foodsofnations.com/products/hungarian-paprika-sweet-67012300523,https://foodsofnations.com/cdn/shop/files/hungarian-paprika-sweet-67012300523_d4f03699-6fd3-424d-8677-6a3769679839.png?v=1739312805&width=533,In stock
Urfa Biber Flakes Medium-Hot,From $5.99 USD,https://foodsofnations.com/products/urfa-biber-flakes-medium-hot-67012300166,https://foodsofnations.com/cdn/shop/files/urfa-biber-flakes-medium-hot-67012300166_ae58a3bb-1131-41c5-ab78-b7e098db2a48.png?v=1739312985&width=533,In stock
Pepperoncino Crushed Medium-Hot,From $5.99 USD,https://foodsofnations.com/products/pepperoncino-crushed-medium-hot-67012300494,https://foodsofnations.com/cdn/shop/files/pepperoncino-crushed-medium-hot-67012300494_dc064be2-651a-467e-b65b-80d42d2d5055.png?v=1739312880&width=533,In stock
Guajillo Chile Mild-Hot,From $5.99 USD,https://foodsofnations.com/products/guajillo-chile-mild-hot-67012300046,https://foodsofnations.com/cdn/shop/files/guajillo-chile-mild-hot-67012300046_573cf0ab-4741-47c6-921e-7cb46847ab63.png?v=1739312771&width=533,In stock
"Paprika, Spanish, Smoked, Sweet",$4.99 USD,https://foodsofnations.com/products/paprika-spanish-smoked-sweet-2,https://foodsofnations.com/cdn/shop/products/pimenton_el_angel.jpg?v=1616647135&width=533,Sold out
Spainsh Paprika Pimenton Sweet,From $5.99 USD,https://foodsofnations.com/products/spainsh-paprika-pimenton-sweet-67012300535,https://foodsofnations.com/cdn/shop/files/spainsh-paprika-pimenton-sweet-67012300535_0eb2d27b-8a69-4b0a-9e1a-b2004326376b.png?v=1739312944&width=533,In stock
Ancho Chile Whole Mild,From $5.99 USD,https://foodsofnations.com/products/ancho-chile-whole-mild-67012300019,https://foodsofnations.com/cdn/shop/files/ancho-chile-whole-mild-67012300019_e1304a71-cecd-4da4-a5f5-11aac587ebd3.png?v=1739312681&width=533,In stock
Cayenne Pepper Powder Hot,From $5.99 USD,https://foodsofnations.com/products/cayenne-pepper-powder-hot-67012300386,https://foodsofnations.com/cdn/shop/files/cayenne-pepper-powder-hot-67012300386_b5cc0f24-68fd-4933-97ce-0ebfb53a3328.png?v=1739312708&width=533,In stock
"Paprika, Spanish, Smoked, BitterSweet",$7.99 USD,https://foodsofnations.com/products/paprika-spanish-smoked-bittersweet,https://foodsofnations.com/cdn/shop/products/paprika-spanish-smoked-bittersweet.jpg?v=1616646761&width=533,In stock
"Paprika,Spanish,Smoked-Hot",$6.99 USD,https://foodsofnations.com/products/paprikaspanishsmoked-hot,https://foodsofnations.com/cdn/shop/products/ES-153_Smoked_Spicy_Picante_Paprika_by_Hijo_de_Angel_Rodriguez_Rivas_x700_db98ef02-cbbf-4e26-9697-7c50e11f70fe.jpg?v=1653940405&width=533,Sold out
Deggi Mirch Indian Powder Mild,From $5.99 USD,https://foodsofnations.com/products/deggi-mirch-indian-powder-mild-67012300446,https://foodsofnations.com/cdn/shop/files/deggi-mirch-indian-powder-mild-67012300446_6bd8d587-7bb6-41ab-954f-72cefbdfe130.png?v=1739312747&width=533,In stock
Pasilla Negro Chili Mild,From $5.99 USD,https://foodsofnations.com/products/pasilla-negro-chili-mild-67012300139,https://foodsofnations.com/cdn/shop/files/pasilla-negro-chili-mild-67012300139.png?v=1739396227&width=533,In stock
Korean Gochugaru Red Chili Pepper Flakes Medium-Hot,From $5.99 USD,https://foodsofnations.com/products/korean-gochugaru-red-chili-pepper-flakes-medium-hot-67012300476,https://foodsofnations.com/cdn/shop/files/korean-gochugaru-red-chili-pepper-flakes-medium-hot-67012300476_7f37d786-4971-4f10-a26f-4667f72e9e6d.png?v=1739312842&width=533,In stock
Crushed Red Chili Pepper-Hot,From $5.99 USD,https://foodsofnations.com/products/crushed-red-chili-pepper-hot-67012300404,https://foodsofnations.com/cdn/shop/files/crushed-red-chili-pepper-hot-67012300404_9dc6c0ba-0156-44ab-a3b7-ed0c991bc3d2.png?v=1739312734&width=533,In stock
Ancho Chile Powder Mild,From $6.99 USD,https://foodsofnations.com/products/ancho-chile-powder-mild-67012300377,https://foodsofnations.com/cdn/shop/files/ancho-chile-powder-mild-67012300377_07a4bbfb-bfe4-4dbf-a37a-8939f9d41032.png?v=1739312679&width=533,In stock
Hungarian Paprika Hot,From $5.99 USD,https://foodsofnations.com/products/hungarian-paprika-hot-67012300526,https://foodsofnations.com/cdn/shop/files/hungarian-paprika-hot-67012300526_03c89904-5cf0-405c-839e-2be223160dde.png?v=1739312802&width=533,In stock
Spanish Smoked Paprika Pimenton Hot,From $6.99 USD,https://foodsofnations.com/products/spanish-smoked-paprika-pimenton-hot-67012300541,https://foodsofnations.com/cdn/shop/files/spanish-smoked-paprika-pimenton-hot-67012300541_12a09cef-d3ca-4232-8649-4068d442274c.png?v=1739312948&width=533,In stock
Chipotle Morita Chile Medium-Hot,From $5.99 USD,https://foodsofnations.com/products/chipotle-morita-chile-medium-hot-67012300034,https://foodsofnations.com/cdn/shop/files/chipotle-morita-chile-medium-hot-67012300034_c28f76c7-1a2a-4a57-82ec-b485590d9a4a.png?v=1739312730&width=533,In stock
Maras Pepper Flakes Medium-Hot,From $5.99 USD,https://foodsofnations.com/products/maras-pepper-flakes-medium-hot-67012300174,https://foodsofnations.com/cdn/shop/files/maras-pepper-flakes-medium-hot-67012300174_af561feb-e46d-45bf-bcb6-132965a2d359.png?v=1739312850&width=533,In stock
Chile De Arbol Whole Medium-Hot,From $5.99 USD,https://foodsofnations.com/products/chile-de-arbol-whole-medium-hot-67012300040,https://foodsofnations.com/cdn/shop/files/chile-de-arbol-whole-medium-hot-67012300040_abdc0f58-2d69-479b-81e1-acb9510cc1d0.png?v=1739312714&width=533,In stock
Pasilla De Oaxaca Dried Chiles Mild Hot,From $7.99 USD,https://foodsofnations.com/products/pasilla-de-oaxaca-dried-chiles-mild-hot-67012300136,https://foodsofnations.com/cdn/shop/files/pasilla-de-oaxaca-dried-chiles-mild-hot-67012300136_6c75be7c-96f2-468f-84a0-594716d74915.png?v=1739312872&width=533,Sold out
Kashmiri Chilli Whole Mild,From $5.99 USD,https://foodsofnations.com/products/kashmiri-chilli-whole-mild-67012300073,https://foodsofnations.com/cdn/shop/files/kashmiri-chilli-whole-mild-67012300073_1851dd19-0e33-4680-83d7-fd98a1e09de9.png?v=1739312836&width=533,In stock
Peri Peri (Piri Piri) Pepper Very-Hot,From $5.99 USD,https://foodsofnations.com/products/peri-peri-piri-piri-pepper-very-hot-67012300323,https://foodsofnations.com/cdn/shop/files/peri-peri-piri-piri-pepper-very-hot-67012300323_924eb6be-f394-4d80-b443-9f4f5f4a432d.png?v=1739312895&width=533,In stock
Mulato Chile Mild-Hot,From $5.99 USD,https://foodsofnations.com/products/mulato-chile-mild-hot-67012300091,https://foodsofnations.com/cdn/shop/files/mulato-chile-mild-hot-67012300091_883d1489-6e27-48d4-8275-ef451286479d.png?v=1739312859&width=533,In stock
Jalapeno Pepper Red Flakes Mild-Hot,From $6.99 USD,https://foodsofnations.com/products/jalapeno-pepper-red-flakes-mild-hot-67012300464,https://foodsofnations.com/cdn/shop/files/jalapeno-pepper-red-flakes-mild-hot-67012300464_f419aaa5-2628-4e9f-a3a1-02d9e08ee19f.png?v=1739312830&width=533,In stock
Chipotle Chile Powder Morita Medium-Hot,From $6.99 USD,https://foodsofnations.com/products/chipotle-chile-powder-morita-medium-hot-67012300401,https://foodsofnations.com/cdn/shop/files/chipotle-chile-powder-morita-medium-hot-67012300401_e4a74e5f-4567-420e-811b-7342ed0e69a9.png?v=1739312728&width=533,In stock
Kirmizi Biber Flakes Medium-Hot,From $5.99 USD,https://foodsofnations.com/products/kirmizi-biber-flakes-medium-hot-67012300170,https://foodsofnations.com/cdn/shop/files/kirmizi-biber-flakes-medium-hot-67012300170_65fc6245-60c2-4968-9b65-955fe484a503.png?v=1739312840&width=533,In stock
Szechuan-Sichuan Red Chili Flakes Hot,From $6.99 USD,https://foodsofnations.com/products/szechuan-sichuan-red-chili-flakes-hot-67012300213,https://foodsofnations.com/cdn/shop/files/szechuan-sichuan-red-chili-flakes-hot-67012300213_4995a928-ea65-4f7b-b079-917171521a83.png?v=1739312959&width=533,In stock
Pequin (Piquin) Pepper Pods Hot,From $7.99 USD,https://foodsofnations.com/products/pequin-piquin-pepper-pods-hot-67012300314,https://foodsofnations.com/cdn/shop/files/pequin-piquin-pepper-pods-hot-67012300314_5cf4af26-5f0d-4c4a-9aba-b2d62c9efd1e.png?v=1739312887&width=533,In stock
Piment D'Espelette A.O.C,From $9.99 USD,https://foodsofnations.com/products/piment-despelette-a-o-c-67012300497,https://foodsofnations.com/cdn/shop/files/piment-d_espelette-a.o.c-67012300497.png?v=1739396213&width=533,In stock
Habanero (Red) Pepper Flakes Super-Hot,From $6.99 USD,https://foodsofnations.com/products/habanero-red-pepper-flakes-super-hot-67012300304,https://foodsofnations.com/cdn/shop/files/habanero-red-pepper-flakes-super-hot-67012300304_3d9f70f2-9df0-4544-bb26-aa5e3a112692.png?v=1739312778&width=533,In stock
Cascabel Chile Mild,From $6.99 USD,https://foodsofnations.com/products/cascabel-chile-mild-67012300025,https://foodsofnations.com/cdn/shop/files/cascabel-chile-mild-67012300025_eb95f5d9-f7eb-4e57-b888-a61d7ba71a4f.png?v=1739312701&width=533,In stock
Hatch Green Chili Powder Mild-Hot,From $6.99 USD,https://foodsofnations.com/products/hatch-green-chili-powder-mild-hot-67012300419,https://foodsofnations.com/cdn/shop/files/hatch-green-chili-powder-mild-hot-67012300419_d103b634-4a62-453c-826a-2444293c5a04.png?v=1739312784&width=533,In stock
Chilhuacle Chile Negro Medium-Hot,From $10.99 USD,https://foodsofnations.com/products/chilhuacle-chile-negro-medium-hot-67012300151,https://foodsofnations.com/cdn/shop/files/chilhuacle-chile-negro-medium-hot-67012300151.png?v=1739396317&width=533,In stock
Guajillo Chili Powder Mild-Hot,From $5.99 USD,https://foodsofnations.com/products/guajillo-chili-powder-mild-hot-67012300413,https://foodsofnations.com/cdn/shop/files/guajillo-chili-powder-mild-hot-67012300413_2e6be47e-7220-4b43-8d1f-311c886eeffe.png?v=1739312773&width=533,In stock
Chipotle Brown Chile Medium-Hot,From $5.99 USD,https://foodsofnations.com/products/chipotle-brown-chile-medium-hot-67012300031,https://foodsofnations.com/cdn/shop/files/chipotle-brown-chile-medium-hot-67012300031_e0606007-262f-4244-9914-acafb14c9650.png?v=1739312722&width=533,In stock
Chile De Arbol Powder Medium-Hot,From $6.99 USD,https://foodsofnations.com/products/chile-de-arbol-powder-medium-hot-67012300410,https://foodsofnations.com/cdn/shop/files/chile-de-arbol-powder-medium-hot-67012300410_5bf4858a-6216-4ebd-8e04-0d1cb586cf52.png?v=1739312712&width=533,In stock
Hatch-New Mexico Red Chili Powder Mild,From $6.99 USD,https://foodsofnations.com/products/hatch-new-mexico-red-chili-powder-mild-67012300422,https://foodsofnations.com/cdn/shop/files/hatch-new-mexico-red-chili-powder-mild-67012300422_2f5be90a-4c24-4f27-97a7-305c137c13ec.png?v=1739312797&width=533,In stock
Habanero (Red) Pepper Pods Super-Hot,From $6.99 USD,https://foodsofnations.com/products/habanero-red-pepper-pods-super-hot-67012300301,https://foodsofnations.com/cdn/shop/files/habanero-red-pepper-pods-super-hot-67012300301_f534f7b2-4d1f-4fa2-baa4-21dc28ee5dc3.png?v=1739312780&width=533,In stock
Thai Red Chili Whole Hot,From $5.99 USD,https://foodsofnations.com/products/thai-red-chili-whole-hot-67012300130,https://foodsofnations.com/cdn/shop/files/thai-red-chili-whole-hot-67012300130_f699adcb-1dbb-4aa9-b0f4-01a43d1b0644.png?v=1739312978&width=533,In stock
Dandicut Red Chili Pakistani Medium-Hot,From $4.99 USD,https://foodsofnations.com/products/dandicut-red-chili-pakistani-medium-hot-67012300097,https://foodsofnations.com/cdn/shop/files/dandicut-red-chili-pakistani-medium-hot-67012300097_a82ded51-0d9a-4ace-97ad-0ef3fec4dae1.png?v=1739312740&width=533,In stock
Burmese Roasted Chili Flakes Medium-Hot,From $6.99 USD,https://foodsofnations.com/products/burmese-roasted-chili-flakes-medium-hot-67012300383,https://foodsofnations.com/cdn/shop/files/burmese-roasted-chili-flakes-medium-hot-67012300383_49471429-07a5-4bfb-a521-c4368abd60d3.png?v=1739312689&width=533,In stock
New Mexican Chile Whole Mild,From $5.99 USD,https://foodsofnations.com/products/new-mexican-chile-whole-mild-67012300094,https://foodsofnations.com/cdn/shop/files/new-mexican-chile-whole-mild-67012300094_bb5cb735-24da-4c20-9cc4-0064178034c8.png?v=1739312861&width=533,In stock
Ichimi Togorashi Japanese Hot,From $7.99 USD,https://foodsofnations.com/products/ichimi-togorashi-japanese-hot-67012300470,https://foodsofnations.com/cdn/shop/files/ichimi-togorashi-japanese-hot-67012300470_ba0708e8-5e68-431f-b081-1af4fbc0a151.png?v=1739312646&width=533,In stock
Choricero Pepper Mild,From $6.99 USD,https://foodsofnations.com/products/choricero-pepper-mild-67012300037,https://foodsofnations.com/cdn/shop/files/choricero-pepper-mild-67012300037_05e4ac72-e322-4f42-bcee-239e8d72b767.png?v=1739312732&width=533,In stock
Chimayo Red Chile Powder Medium-Hot,From $6.99 USD,https://foodsofnations.com/products/chimayo-red-chile-powder-medium-hot-67012300389,https://foodsofnations.com/cdn/shop/files/chimayo-red-chile-powder-medium-hot-67012300389_1b3d9aef-8d39-477b-ae99-65c9c78d03c2.png?v=1739312720&width=533,In stock
Cayenne Chile Pepper Hot,From $6.99 USD,https://foodsofnations.com/products/cayenne-chile-pepper-hot-67012300028,https://foodsofnations.com/cdn/shop/files/cayenne-chile-pepper-hot-67012300028_022d0d8d-fce2-405f-8937-998ea4c500b2.png?v=1739312704&width=533,In stock
Amarillo (Yellow) Costeno Chile Medium-Hot,From $8.99 USD,https://foodsofnations.com/products/amarillo-yellow-costeno-chile-medium-hot-67012300154,https://foodsofnations.com/cdn/shop/files/amarillo-yellow-costeno-chile-medium-hot-67012300154_1cb966dd-f3aa-4b37-8a7e-6a4e2f4559b4.png?v=1739312674&width=533,Sold out
Amarillo (Yellow) Chilhuacle Chile Medium-Hot,From $9.99 USD,https://foodsofnations.com/products/amarillo-yellow-chilhuacle-chile-medium-hot-67012300145,https://foodsofnations.com/cdn/shop/files/amarillo-yellow-chilhuacle-chile-medium-hot-67012300145_0e70b3ef-8f56-4ef8-adf7-4edbd65d6a96.png?v=1739312672&width=533,In stock
New Mexican Dried Red Chili Powder Mild,From $6.99 USD,https://foodsofnations.com/products/new-mexican-dried-red-chili-powder-mild-67012300482,https://foodsofnations.com/cdn/shop/files/new-mexican-dried-red-chili-powder-mild-67012300482_fd12210e-7bf0-4ddb-b16a-e31945c7c0a7.png?v=1739312863&width=533,In stock
Indian Red Chili Powder Hot,From $4.99 USD,https://foodsofnations.com/products/indian-red-chili-powder-hot-67012300440,https://foodsofnations.com/cdn/shop/files/indian-red-chili-powder-hot-67012300440_066f0410-f87d-4091-ad21-25df06240748.png?v=1739312813&width=533,In stock
Indian Organic Red Chili Powder Hot,From $5.99 USD,https://foodsofnations.com/products/indian-organic-red-chili-powder-hot-67012300437,https://foodsofnations.com/cdn/shop/files/indian-organic-red-chili-powder-hot-67012300437_02669953-1a2b-476b-9c1d-175a554c2b63.png?v=1739312808&width=533,In stock
Szechuan-Sichuan Red Chili Powder Medium-Hot,From $6.99 USD,https://foodsofnations.com/products/szechuan-sichuan-red-chili-powder-medium-hot-67012300207,https://foodsofnations.com/cdn/shop/files/szechuan-sichuan-red-chili-powder-medium-hot-67012300207_ef109a05-7a0f-46bf-bbbc-0f971f0f3ccc.png?v=1739312963&width=533,In stock
Szechuan-Sichuan Red Chili Flakes Medium-Hot,From $6.99 USD,https://foodsofnations.com/products/szechuan-sichuan-red-chili-flakes-medium-hot-67012300210,https://foodsofnations.com/cdn/shop/files/szechuan-sichuan-red-chili-flakes-medium-hot-67012300210_d253fe4d-a066-4715-bfa6-82475bd406cf.png?v=1739312961&width=533,In stock
Aji Amarillo Hot,From $6.99 USD,https://foodsofnations.com/products/aji-amarillo-hot-67012300004,https://foodsofnations.com/cdn/shop/files/aji-amarillo-hot-67012300004_83491b1d-39a9-443f-a509-8f7f1955c3ea.png?v=1739312651&width=533,In stock
Chilhuacle Chile Red (Rojo) Medium-Hot,From $11.99 USD,https://foodsofnations.com/products/chilhuacle-chile-red-rojo-medium-hot-67012300148,https://foodsofnations.com/cdn/shop/files/chilhuacle-chile-red-rojo-medium-hot-67012300148_08e64f40-4336-4d8a-a361-69d287db4e21.png?v=1739312716&width=533,In stock
Anaheim Red Chile Powder Mild,From $5.99 USD,https://foodsofnations.com/products/anaheim-red-chile-powder-mild-67012300380,https://foodsofnations.com/cdn/shop/files/anaheim-red-chile-powder-mild-67012300380_e7d860e2-0fa6-4071-a57d-93da5cd31563.png?v=1739312677&width=533,In stock
Pakistani Red Chili Powder (Very-Hot),From $5.99 USD,https://foodsofnations.com/products/pakistani-red-chili-powder-very-hot-67012300491,https://foodsofnations.com/cdn/shop/files/pakistani-red-chili-powder-very-hot-67012300491_f08f1dfb-6392-49d4-812f-27cf6bb48b60.png?v=1739312869&width=533,In stock
Mathania Red Chili Indian Whole Hot,From $6.99 USD,https://foodsofnations.com/products/mathania-red-chili-indian-whole-hot-67012300076,https://foodsofnations.com/cdn/shop/files/mathania-red-chili-indian-whole-hot-67012300076_3b8d18a5-c469-4777-81f9-4580c4eb58f9.png?v=1739312852&width=533,In stock
Korean Gochugaru Red Pepper Powder Medium-Hot,From $5.99 USD,https://foodsofnations.com/products/korean-gochugaru-red-pepper-powder-medium-hot-67012300479,https://foodsofnations.com/cdn/shop/files/korean-gochugaru-red-pepper-powder-medium-hot-67012300479_9806a139-c332-4ede-8f46-7267b174131d.png?v=1739312844&width=533,In stock
Indian Red Chili Powder Mild,From $4.99 USD,https://foodsofnations.com/products/indian-red-chili-powder-mild-67012300434,https://foodsofnations.com/cdn/shop/files/indian-red-chili-powder-mild-67012300434_5653dfb6-4f85-401d-afd1-c371a0c8e7f5.png?v=1739312815&width=533,In stock
Hatch-New Mexico Red Chili Powder Hot,From $6.99 USD,https://foodsofnations.com/products/hatch-new-mexico-red-chili-powder-hot-67012300425,https://foodsofnations.com/cdn/shop/files/hatch-new-mexico-red-chili-powder-hot-67012300425_8c41bbcd-a314-412f-80b4-604e11d67161.png?v=1739312795&width=533,In stock
Habanero (Red) Pepper Powder Super-Hot,From $6.99 USD,https://foodsofnations.com/products/habanero-red-pepper-powder-super-hot-67012300307,https://foodsofnations.com/cdn/shop/files/habanero-red-pepper-powder-super-hot-67012300307_9ae271dd-3e25-4aaf-951e-6518770e5839.png?v=1739312782&width=533,In stock
Szechuan-Sichuan Facing-Heaven Red Chile Hot,From $6.99 USD,https://foodsofnations.com/products/szechuan-sichuan-facing-heaven-red-chile-hot-67012300115,https://foodsofnations.com/cdn/shop/files/szechuan-sichuan-facing-heaven-red-chile-hot-67012300115_4ce38416-e7a5-4679-bf50-304a9543123a.png?v=1739312955&width=533,In stock
Spanish Smoked Paprika Bitter Sweet,From $6.99 USD,https://foodsofnations.com/products/spanish-smoked-paprika-bitter-sweet-67012300544,https://foodsofnations.com/cdn/shop/files/spanish-smoked-paprika-bitter-sweet-67012300544_be5f0313-af07-492e-804b-236479c79475.png?v=1739312946&width=533,In stock
Scotch Bonnet Pepper Pods Super-Hot,From $7.99 USD,https://foodsofnations.com/products/scotch-bonnet-pepper-pods-super-hot-67012300341,https://foodsofnations.com/cdn/shop/files/scotch-bonnet-pepper-pods-super-hot-67012300341_c10f30c8-edf1-4bd5-b909-9d6188baaf09.png?v=1739312933&width=533,In stock
Red Anaheim California Chile Mild,From $6.99 USD,https://foodsofnations.com/products/red-anaheim-california-chile-mild-67012300016,https://foodsofnations.com/cdn/shop/files/red-anaheim-california-chile-mild-67012300016_c21420a8-6d98-4d61-b6e9-f803b580c34c.png?v=1739312910&width=533,In stock
Peri Peri (Piri Piri) Powder Very-Hot,From $6.99 USD,https://foodsofnations.com/products/peri-peri-piri-piri-powder-very-hot-67012300329,https://foodsofnations.com/cdn/shop/files/peri-peri-piri-piri-powder-very-hot-67012300329_55120afb-c08c-4d5e-809a-d7b358f9f334.png?v=1739312898&width=533,In stock
Aji Panca Mild,From $6.99 USD,https://foodsofnations.com/products/aji-panca-mild-67012300013,https://foodsofnations.com/cdn/shop/files/aji-panca-mild-67012300013_ccae192e-9a54-4384-ad46-f5636cc7b764.png?v=1739312662&width=533,In stock
Ghost Pepper Powder Extremely-Hot,From $8.99 USD,https://foodsofnations.com/products/ghost-pepper-powder-extremely-hot-67012300255,https://foodsofnations.com/cdn/shop/files/ghost-pepper-powder-extremely-hot-67012300255_73697beb-e937-4f82-8a0b-565bcc27bf36.png?v=1739312764&width=533,In stock
Chipotle Chile Powder Brown Medium-Hot,From $6.99 USD,https://foodsofnations.com/products/chipotle-chile-powder-brown-medium-hot-67012300395,https://foodsofnations.com/cdn/shop/files/chipotle-chile-powder-brown-medium-hot-67012300395_9943e481-9d0e-4ae9-8c2b-a0bbad03d6c4.png?v=1739312726&width=533,In stock
Chimayo Chile Powder Mild,From $6.99 USD,https://foodsofnations.com/products/chimayo-chile-powder-mild-67012300392,https://foodsofnations.com/cdn/shop/files/chimayo-chile-powder-mild-67012300392_c1cc6000-de71-4523-a98f-7e490562c0d4.png?v=1739312718&width=533,In stock
Nora Dried Chili Whole Sweet-Hot,From $6.99 USD,https://foodsofnations.com/products/nora-dried-chili-whole-sweet-hot-67012300485,https://foodsofnations.com/cdn/shop/files/nora-dried-chili-whole-sweet-hot-67012300485_2faa6c2c-63b0-44f5-82f6-6f81ed6c29c3.png?v=1739312867&width=533,In stock
Jalapeno Green Powder Mild-Hot,From $5.99 USD,https://foodsofnations.com/products/jalapeno-green-powder-mild-hot-67012300461,https://foodsofnations.com/cdn/shop/files/jalapeno-green-powder-mild-hot-67012300461_ac8da22f-6790-4196-93c4-fab1d3a7c0a0.png?v=1739312828&width=533,In stock
Serrano Green Chili Powder Medium-Hot,From $5.99 USD,https://foodsofnations.com/products/serrano-green-chili-powder-medium-hot-67012300507,https://foodsofnations.com/cdn/shop/files/serrano-green-chili-powder-medium-hot-67012300507_3732a7f5-b610-46cf-b9ab-a5e4e01baf83.png?v=1739312938&width=533,In stock
Sannam Chili Indian Whole Hot,From $5.99 USD,https://foodsofnations.com/products/sannam-chili-indian-whole-hot-67012300082,https://foodsofnations.com/cdn/shop/files/sannam-chili-indian-whole-hot-67012300082_b3a3d525-7e9a-40af-962d-aff64371d6fa.png?v=1739312921&width=533,In stock
Puya Chile Whole Medium-Hot,From $5.99 USD,https://foodsofnations.com/products/puya-chile-whole-medium-hot-67012300103,https://foodsofnations.com/cdn/shop/files/puya-chile-whole-medium-hot-67012300103_21a3ced2-a24c-4ff5-925f-42b4045b5615.png?v=1739312903&width=533,In stock
Korean Red Chili Threads Mild-Hot Oz,$5.99 USD,https://foodsofnations.com/products/korean-red-chili-threads-mild-hot-oz-67012300473,https://foodsofnations.com/cdn/shop/files/korean-red-chili-threads-mild-hot-67012300474_3ef93670-16ed-4780-bb13-0e3f9ef9b08e.png?v=1739396246&width=533,In stock
Dried Paprika Peppers,$5.99 USD,https://foodsofnations.com/products/dried-paprika-peppers-67012300519,https://foodsofnations.com/cdn/shop/files/dried-paprika-peppers-67012300519.png?v=1739396264&width=533,In stock
Bird'S Eye Chili Pods African Super-Hot,From $6.99 USD,https://foodsofnations.com/products/birds-eye-chili-pods-african-super-hot-67012300160,https://foodsofnations.com/cdn/shop/files/bird_s-eye-chili-pods-african-super-hot-67012300160_b5aa2c15-4b70-480c-b40b-f157be361081.png?v=1739396330&width=533,In stock
Aji Costeno Medium-Hot,From $5.99 USD,https://foodsofnations.com/products/aji-costeno-medium-hot-67012300007,https://foodsofnations.com/cdn/shop/files/aji-costeno-medium-hot-67012300007_789c17ce-dbdd-4cea-9578-9fff39a614e9.png?v=1739312657&width=533,In stock
Aji Amarillo Powder Hot,From $7.99 USD,https://foodsofnations.com/products/aji-amarillo-powder-hot-67012300359,https://foodsofnations.com/cdn/shop/files/aji-amarillo-powder-hot-67012300359_070b3846-3352-4424-89c6-07b21401348d.png?v=1739312653&width=533,In stock
Ghost Pepper Flakes Extremely-Hot,From $8.99 USD,https://foodsofnations.com/products/ghost-pepper-flakes-extremely-hot-67012300258,https://foodsofnations.com/cdn/shop/files/ghost-pepper-flakes-extremely-hot-67012300258_c0e130ff-4e3f-493a-a4e4-d5e1f106e20a.png?v=1739312759&width=533,In stock
Crushed Red Chili Pepper-X Hot,From $6.99 USD,https://foodsofnations.com/products/crushed-red-chili-pepper-x-hot-67012300407,https://foodsofnations.com/cdn/shop/files/crushed-red-chili-pepper-x-hot-67012300407_223f5891-a870-4b8c-8129-b011f7ca6896.png?v=1739312736&width=533,In stock
Chipotle Chile Flakes Morita-Toasted Medium-Hot,From $6.99 USD,https://foodsofnations.com/products/chipotle-chile-flakes-morita-toasted-medium-hot-67012300398,https://foodsofnations.com/cdn/shop/files/chipotle-chile-flakes-morita-toasted-medium-hot-67012300398_610c7adf-978d-4ba9-baa8-7aafb31f1b50.png?v=1739312724&width=533,In stock
Birds Eye Chili Powder African Super Hot,From $6.99 USD,https://foodsofnations.com/products/birds-eye-chili-powder-african-super-hot-67012300285,https://foodsofnations.com/cdn/shop/files/birds-eye-chili-powder-african-super-hot-67012300285_8a0ab950-d584-4d3e-9941-1a38310da0c3.png?v=1739312687&width=533,In stock
Aleppo Pepper Pods Medium-Hot,From $6.99 USD,https://foodsofnations.com/products/aleppo-pepper-pods-medium-hot-67012300182,https://foodsofnations.com/cdn/shop/files/aleppo-pepper-pods-medium-hot-67012300182_0ab4272c-6ea8-4a29-a51e-bf8a88ff8332.png?v=1739312670&width=533,In stock
Pepperoncino Whole Medium Hot,From $6.99 USD,https://foodsofnations.com/products/pepperoncino-whole-medium-hot-67012300100,https://foodsofnations.com/cdn/shop/files/pepperoncino-whole-medium-hot-67012300100_361e1d34-e065-4724-8292-6282128a30da.png?v=1739312883&width=533,In stock
Indian White Chili Powder Very-Hot,From $5.99 USD,https://foodsofnations.com/products/indian-white-chili-powder-very-hot-67012300452,https://foodsofnations.com/cdn/shop/files/indian-white-chili-powder-very-hot-67012300452_64efaf4d-c769-43cb-9883-33bc7162ec9f.png?v=1739312822&width=533,In stock
Indian Reshampatti Chili Powder Medium-Hot,From $5.99 USD,https://foodsofnations.com/products/indian-reshampatti-chili-powder-medium-hot-67012300449,https://foodsofnations.com/cdn/shop/files/indian-reshampatti-chili-powder-medium-hot-67012300449_245523a2-64af-4378-aecf-fc7f7dd6dad3.png?v=1739312820&width=533,In stock
Indian Red Chilli,From $4.99 USD,https://foodsofnations.com/products/indian-red-chilli-67012300516,https://foodsofnations.com/cdn/shop/files/indian-red-chilli-67012300516_d2e76274-83c3-42c4-84cc-d27da94ca775.png?v=1739312817&width=533,In stock
Hatch-New Mexico Green Chili Flakes Mild-Hot,From $6.99 USD,https://foodsofnations.com/products/hatch-new-mexico-green-chili-flakes-mild-hot-67012300416,https://foodsofnations.com/cdn/shop/files/hatch-new-mexico-green-chili-flakes-mild-hot-67012300416_a3bb88c1-7a7c-47ea-988b-70033f5d8def.png?v=1739312793&width=533,In stock
Hatch Red Chile Pods Mild,From $6.99 USD,https://foodsofnations.com/products/hatch-red-chile-pods-mild-67012300052,https://foodsofnations.com/cdn/shop/files/hatch-red-chile-pods-mild-67012300052_95123479-db26-433b-83d8-2f05bf1e0f77.png?v=1739312789&width=533,In stock
Thai Red Chili-Crushed Very-Hot,From $6.99 USD,https://foodsofnations.com/products/thai-red-chili-crushed-very-hot-67012300219,https://foodsofnations.com/cdn/shop/files/thai-red-chili-crushed-very-hot-67012300219_98d5ff98-76e9-470c-91f2-a1e1762405ac.png?v=1739312981&width=533,In stock
Tepin Chili Hot,From $11.99 USD,https://foodsofnations.com/products/tepin-chili-hot-67012300121,https://foodsofnations.com/cdn/shop/files/tepin-chili-hot-67012300121_06b1432e-e2e0-4047-8ffc-4fd86eb0f078.png?v=1739312974&width=533,In stock
Taviche Chile Hot,From $8.99 USD,https://foodsofnations.com/products/taviche-chile-hot-67012300157,https://foodsofnations.com/cdn/shop/files/taviche-chile-hot-67012300157_57baf7bf-fc77-41c3-a07d-8c6c9dc194d2.png?v=1739312970&width=533,In stock
Red Savina Habanero Pods Super-Hot,From $6.99 USD,https://foodsofnations.com/products/red-savina-habanero-pods-super-hot-67012300332,https://foodsofnations.com/cdn/shop/files/red-savina-habanero-pods-super-hot-67012300332_be8cd36d-94de-444a-8d97-89a281609087.png?v=1739312914&width=533,In stock
Red Savina Habanero Flakes Super-Hot,From $9.99 USD,https://foodsofnations.com/products/red-savina-habanero-flakes-super-hot-67012300335,https://foodsofnations.com/cdn/shop/files/red-savina-habanero-flakes-super-hot-67012300335_a49b02af-6b88-4640-b15d-88062614f5b6.png?v=1739312912&width=533,In stock
Ramnad Mundu Round Indian Whole Medium-Hot,From $5.99 USD,https://foodsofnations.com/products/ramnad-mundu-round-indian-whole-medium-hot-67012300079,https://foodsofnations.com/cdn/shop/files/ramnad-mundu-round-indian-whole-medium-hot-67012300079_1f97fe1e-7d67-4dcf-ba14-f074298bee76.png?v=1739312905&width=533,In stock
"Pimento, Sweet, Peeled",$4.99 USD,https://foodsofnations.com/products/pimento-sweet-peeled,https://foodsofnations.com/cdn/shop/products/00041224457508_c1n1_6dhkpzqywooyjqfp.jpg?v=1654032254&width=533,Sold out
Paprika Sweet With Oil,From $6.99 USD,https://foodsofnations.com/products/paprika-sweet-with-oil-67012300532,https://foodsofnations.com/cdn/shop/files/paprika-sweet-with-oil-67012300532.png?v=1739396236&width=533,In stock
Dragon'S Breath Pepper Powder Extremely-Hot,From $9.99 USD,https://foodsofnations.com/products/dragons-breath-pepper-powder-extremely-hot-67012300237,https://foodsofnations.com/cdn/shop/files/dragon_s-breath-pepper-powder-extremely-hot-67012300237_ffdcb229-771d-4485-adc6-2d3aec5ad1b6.png?v=1739396293&width=533,In stock
Bell Pepper Green Diced (1-4'') Green-Dried Mild,From $6.99 USD,https://foodsofnations.com/products/bell-pepper-green-diced-1-4-green-dried-mild-67012300200,https://foodsofnations.com/cdn/shop/files/bell-pepper-green-diced-1-4_-green-dried-mild-67012300200_9aa840a1-687a-46c2-a66b-408720d70828.png?v=1739396340&width=533,In stock
Bell Pepper Diced (1-4'') Red-Roasted Mild,From $6.99 USD,https://foodsofnations.com/products/bell-pepper-diced-1-4-red-roasted-mild-67012300191,https://foodsofnations.com/cdn/shop/files/bell-pepper-diced-1-4_-red-roasted-mild-67012300191_dec96650-5614-4043-8712-a5c5e2d1e58a.png?v=1739396346&width=533,In stock
Aji Limo Powder Hot,From $8.99 USD,https://foodsofnations.com/products/aji-limo-powder-hot-67012300362,https://foodsofnations.com/cdn/shop/files/aji-limo-powder-hot-67012300362_05efd240-475f-40cb-b900-17cdf027076c.png?v=1739312658&width=533,In stock
Ghost Pepper Green Pods Extremely-Hot,From $8.99 USD,https://foodsofnations.com/products/ghost-pepper-green-pods-extremely-hot-67012300252,https://foodsofnations.com/cdn/shop/files/ghost-pepper-green-pods-extremely-hot-67012300252_1eb3958b-1f6b-46b2-979d-34305dd7a42c.png?v=1739312762&width=533,In stock
Fatalii Pepper Pods Super-Hot,From $7.99 USD,https://foodsofnations.com/products/fatalii-pepper-pods-super-hot-67012300295,https://foodsofnations.com/cdn/shop/files/fatalii-pepper-pods-super-hot-67012300295_51af2a51-558d-4e5b-a12a-e4ae52192daa.png?v=1739312754&width=533,In stock
Bangladeshi Red Chili Hot,From $4.99 USD,https://foodsofnations.com/products/bangladeshi-red-chili-hot-67012300022,https://foodsofnations.com/cdn/shop/files/bangladeshi-red-chili-hot-67012300022_262c7111-79a0-4356-bc02-61b4ae21fd5d.png?v=1739312683&width=533,In stock
Pasilla Negro Powder Mild,From $5.99 USD,https://foodsofnations.com/products/pasilla-negro-powder-mild-67012300188,https://foodsofnations.com/cdn/shop/files/pasilla-negro-powder-mild-67012300188_3e103b1e-876f-41dd-bd65-2fce12353a26.png?v=1739312878&width=533,In stock
Pasilla De Oaxaca Extra Large Medium Hot,From $24.99 USD,https://foodsofnations.com/products/pasilla-de-oaxaca-extra-large-medium-hot-67012300133,https://foodsofnations.com/cdn/shop/files/pasilla-de-oaxaca-extra-large-medium-hot-67012300133_a5512c42-ffca-4ff4-9a55-847caf4f290b.png?v=1739312874&width=533,In stock
Nora Chile Crushed Sweet-Hot,From $7.99 USD,https://foodsofnations.com/products/nora-chile-crushed-sweet-hot-67012300488,https://foodsofnations.com/cdn/shop/files/nora-chile-crushed-sweet-hot-67012300488_8c215e8f-1bc6-46e0-9e0a-7f46af13018f.png?v=1739312865&width=533,In stock
Malagueta Chili Pepper Very-Hot,From $5.99 USD,https://foodsofnations.com/products/malagueta-chili-pepper-very-hot-67012300311,https://foodsofnations.com/cdn/shop/files/malagueta-chili-pepper-very-hot-67012300311_a57bfe03-455f-444d-916c-a61ea682c0c3.png?v=1739312848&width=533,In stock
Korean Red Chili Threads Mild-Hot,From $9.99 USD,https://foodsofnations.com/products/korean-red-chili-threads-mild-hot-67012300474,https://foodsofnations.com/cdn/shop/files/korean-red-chili-threads-mild-hot-67012300474_416b59de-5afd-4aee-b58b-e6b34bff3647.png?v=1739312846&width=533,In stock
Hatch Red Chili Pods X-Hot,From $7.99 USD,https://foodsofnations.com/products/hatch-red-chili-pods-x-hot-67012300058,https://foodsofnations.com/cdn/shop/files/hatch-red-chili-pods-x-hot-67012300058_2d361e14-339b-4194-9c2f-6dfdf2afb978.png?v=1739312791&width=533,In stock
Tien Tsin Chinese Red Pepper Medium-Hot,From $5.99 USD,https://foodsofnations.com/products/tien-tsin-chinese-red-pepper-medium-hot-67012300124,https://foodsofnations.com/cdn/shop/files/tien-tsin-chinese-red-pepper-medium-hot-67012300124_95aa85bc-7352-41cf-a1be-a912890eab26.png?v=1739312983&width=533,In stock
Thai Red Chili Powder Very-Hot,From $6.99 USD,https://foodsofnations.com/products/thai-red-chili-powder-very-hot-67012300216,https://foodsofnations.com/cdn/shop/files/thai-red-chili-powder-very-hot-67012300216_a7133f0f-9175-41a4-95fa-6595caa00b2d.png?v=1739312976&width=533,In stock
Szechuan-Sichuan Red Chile Medium-Hot,From $6.99 USD,https://foodsofnations.com/products/szechuan-sichuan-red-chile-medium-hot-67012300118,https://foodsofnations.com/cdn/shop/files/szechuan-sichuan-red-chile-medium-hot-67012300118_ceed371c-95ca-451f-b9a7-33212e31fe81.png?v=1739312957&width=533,In stock
Srilankan Roasted Chili Powder Hot,From $5.99 USD,https://foodsofnations.com/products/srilankan-roasted-chili-powder-hot-67012300513,https://foodsofnations.com/cdn/shop/files/srilankan-roasted-chili-powder-hot-67012300513_d4ab5dbd-7755-499b-aee7-c4b497253dd9.png?v=1739312953&width=533,In stock
Serrano Smoked Red Chili Powder Medium-Hot,From $6.99 USD,https://foodsofnations.com/products/serrano-smoked-red-chili-powder-medium-hot-67012300510,https://foodsofnations.com/cdn/shop/files/serrano-smoked-red-chili-powder-medium-hot-67012300510_a0eedf2d-17a3-452f-b6b1-71f09484e9b7.png?v=1739312942&width=533,In stock
Serrano Red Chili Whole Medium-Hot,From $6.99 USD,https://foodsofnations.com/products/serrano-red-chili-whole-medium-hot-67012300112,https://foodsofnations.com/cdn/shop/files/serrano-red-chili-whole-medium-hot-67012300112_be0a7946-3dc2-4c5a-9790-69e078dea95c.png?v=1739312940&width=533,In stock
Scotch Bonnet Pepper Flakes Super-Hot,From $9.99 USD,https://foodsofnations.com/products/scotch-bonnet-pepper-flakes-super-hot-67012300344,https://foodsofnations.com/cdn/shop/files/scotch-bonnet-pepper-flakes-super-hot-67012300344_3d2f3600-3856-4b92-a843-49f3dfd0e334.png?v=1739312931&width=533,In stock
Santaka Chile Pepper Japanese Hot,From $5.99 USD,https://foodsofnations.com/products/santaka-chile-pepper-japanese-hot-67012300109,https://foodsofnations.com/cdn/shop/files/santaka-chile-pepper-japanese-hot-67012300109_81dd79a3-4849-4e16-8b57-4e44e0082538.png?v=1739312923&width=533,In stock
Peri Peri (Piri Piri) Flakes Very-Hot,From $6.99 USD,https://foodsofnations.com/products/peri-peri-piri-piri-flakes-very-hot-67012300326,https://foodsofnations.com/cdn/shop/files/peri-peri-piri-piri-flakes-very-hot-67012300326_b15b81b4-2ab9-43b2-9179-4d0cb508ff12.png?v=1739312892&width=533,In stock
Wiri Wiri Pepper Pods Super-Hot,From $6.99 USD,https://foodsofnations.com/products/wiri-wiri-pepper-pods-super-hot-67012300350,https://foodsofnations.com/cdn/shop/files/wiri-wiri-pepper-pods-super-hot-67012300350.png?v=1739396201&width=533,In stock
Indian Red Chili,$19.99 USD,https://foodsofnations.com/products/indian-red-chili-67012300518,https://foodsofnations.com/cdn/shop/files/indian-red-chili-67012300518.png?v=1739396253&width=533,In stock
Ghost Pepper Pods Extremely-Hot,From $8.99 USD,https://foodsofnations.com/products/ghost-pepper-pods-extremely-hot-67012300246,https://foodsofnations.com/cdn/shop/files/ghost-pepper-pods-extremely-hot-67012300246.png?v=1739396259&width=533,In stock
Dragon'S Breath Pepper Pods Extremely-Hot,From $9.99 USD,https://foodsofnations.com/products/dragons-breath-pepper-pods-extremely-hot-67012300234,https://foodsofnations.com/cdn/shop/files/dragon_s-breath-pepper-pods-extremely-hot-67012300234_0abaaf93-26a2-4ee8-b6f6-88beb96888c7.png?v=1739396311&width=533,In stock
Carolina Reaper Pods Extremely-Hot,$19.99 USD,https://foodsofnations.com/products/carolina-reaper-pods-extremely-hot-67012300223,https://foodsofnations.com/cdn/shop/files/carolina-reaper-pods-extremely-hot-67012300223.png?v=1739396324&width=533,In stock
Bell Pepper Diced (1-4'') Red-Dried Mild,From $5.99 USD,https://foodsofnations.com/products/bell-pepper-diced-1-4-red-dried-mild-67012300197,https://foodsofnations.com/cdn/shop/files/bell-pepper-diced-1-4_-red-dried-mild-67012300197.png?v=1739396351&width=533,In stock
Aji Rocoto Powder Very-Hot,From $9.99 USD,https://foodsofnations.com/products/aji-rocoto-powder-very-hot-67012300371,https://foodsofnations.com/cdn/shop/files/aji-rocoto-powder-very-hot-67012300371_129bf78b-2ff6-46bd-87ad-260b908cb150.png?v=1739312668&width=533,In stock
Aji Rocoto Flakes Very-Hot,From $6.99 USD,https://foodsofnations.com/products/aji-rocoto-flakes-very-hot-67012300368,https://foodsofnations.com/cdn/shop/files/aji-rocoto-flakes-very-hot-67012300368_401298c9-0542-47f4-a93f-7b579741f23d.png?v=1739312666&width=533,In stock
Aji Panca Powder Mild,From $6.99 USD,https://foodsofnations.com/products/aji-panca-powder-mild-67012300365,https://foodsofnations.com/cdn/shop/files/aji-panca-powder-mild-67012300365_9b5137d3-a073-4ea8-82aa-c28e43d85d37.png?v=1739312664&width=533,In stock
Aji Limo Hot,$12.99 USD,https://foodsofnations.com/products/aji-limo-hot-67012300010,https://foodsofnations.com/cdn/shop/files/aji-limo-hot-67012300010_2c5912cd-577f-4d87-b910-8b12234da6d4.png?v=1739312660&width=533,In stock
Aji Charapita Pods Hot,From $9.99 USD,https://foodsofnations.com/products/aji-charapita-pods-hot-67012300001,https://foodsofnations.com/cdn/shop/files/aji-charapita-pods-hot-67012300001_03669852-c0fc-425e-a141-6900193b2311.png?v=1739312655&width=533,In stock
7 Pot Douglah Chocolate Pods Extremely-Hot,From $9.99 USD,https://foodsofnations.com/products/7-pot-douglah-chocolate-pods-extremely-hot-67012300231,https://foodsofnations.com/cdn/shop/files/7-pot-douglah-chocolate-pods-extremely-hot-67012300231_b596b65a-09ec-4235-8f93-caca9b899962.png?v=1739312649&width=533,In stock
Guntur Chili Whole Hot,From $5.99 USD,https://foodsofnations.com/products/guntur-chili-whole-hot-67012300067,https://foodsofnations.com/cdn/shop/files/guntur-chili-whole-hot-67012300067_7a2c1379-6ea9-40c0-ae8d-04cb1f8f84a4.png?v=1739312775&width=533,In stock
Ghost Pepper Smoked Powder Extremely-Hot,From $8.99 USD,https://foodsofnations.com/products/ghost-pepper-smoked-powder-extremely-hot-67012300261,https://foodsofnations.com/cdn/shop/files/ghost-pepper-smoked-powder-extremely-hot-67012300261_39cf0872-8743-46b9-8186-90849fb14610.png?v=1739312768&width=533,In stock
Ghost Pepper Smoked Pods Extremely-Hot,From $8.99 USD,https://foodsofnations.com/products/ghost-pepper-smoked-pods-extremely-hot-67012300249,https://foodsofnations.com/cdn/shop/files/ghost-pepper-smoked-pods-extremely-hot-67012300249_879dde84-f348-4b51-97f9-cea8d458e3d1.png?v=1739312766&width=533,In stock
Fatalii Pepper Powder Super-Hot,From $7.99 USD,https://foodsofnations.com/products/fatalii-pepper-powder-super-hot-67012300298,https://foodsofnations.com/cdn/shop/files/fatalii-pepper-powder-super-hot-67012300298_b39bbe88-aca9-4039-8ffb-e923e1127181.png?v=1739312757&width=533,In stock
Devils Breath Pepper Powder Ecuadorian Super-Hot,From $9.99 USD,https://foodsofnations.com/products/devils-breath-pepper-powder-ecuadorian-super-hot-67012300292,https://foodsofnations.com/cdn/shop/files/devils-breath-pepper-powder-ecuadorian-super-hot-67012300292_083d2959-59f3-4cb4-813f-1ceba4ee12f8.png?v=1739312751&width=533,In stock
Devils Breath Pepper Flakes Ecuadorian Super-Hot,From $9.99 USD,https://foodsofnations.com/products/devils-breath-pepper-flakes-ecuadorian-super-hot-67012300289,https://foodsofnations.com/cdn/shop/files/devils-breath-pepper-flakes-ecuadorian-super-hot-67012300289_ada85ff9-2914-4bd0-b951-a76fcf43c8ad.png?v=1739312749&width=533,In stock
Datil Pepper Powder Super-Hot,From $9.99 USD,https://foodsofnations.com/products/datil-pepper-powder-super-hot-67012300282,https://foodsofnations.com/cdn/shop/files/datil-pepper-powder-super-hot-67012300282_8cd4fc66-491f-42f9-9010-20ffd6c33356.png?v=1739312745&width=533,In stock
Datil Pepper Pods Super-Hot,From $7.99 USD,https://foodsofnations.com/products/datil-pepper-pods-super-hot-67012300163,https://foodsofnations.com/cdn/shop/files/datil-pepper-pods-super-hot-67012300163_1aa02f5d-c855-4c59-aae9-d213f2457dc5.png?v=1739312743&width=533,In stock
Curd Chili Hot,From $4.99 USD,https://foodsofnations.com/products/curd-chili-hot-67012300061,https://foodsofnations.com/cdn/shop/files/curd-chili-hot-67012300061_fbdbe4ac-509d-4efe-93a2-effb82d514d0.png?v=1739312738&width=533,In stock
Chilcosles Chile Red (Rojo) Medium-Hot,From $8.99 USD,https://foodsofnations.com/products/chilcosles-chile-red-rojo-medium-hot-67012300142,https://foodsofnations.com/cdn/shop/files/chilcosles-chile-red-rojo-medium-hot-67012300142_3a10bb3a-e9af-4954-866c-ab6078a3ba77.png?v=1739312710&width=533,In stock
Carolina Reaper Powder Extremely-Hot,From $7.99 USD,https://foodsofnations.com/products/carolina-reaper-powder-extremely-hot-67012300243,https://foodsofnations.com/cdn/shop/files/carolina-reaper-powder-extremely-hot-67012300243_5af8c597-889e-4bb0-b50d-ec3b902e0dea.png?v=1739312699&width=533,In stock
Carolina Reaper Pods Extremely-Hot Oz,$7.99 USD,https://foodsofnations.com/products/carolina-reaper-pods-extremely-hot-oz-67012300222,https://foodsofnations.com/cdn/shop/files/carolina-reaper-pods-extremely-hot-oz-67012300222_586ea072-46a3-4fb0-9f7e-bfb4da50dbac.png?v=1739312697&width=533,In stock
Carolina Reaper Flakes Extremely-Hot,From $7.99 USD,https://foodsofnations.com/products/carolina-reaper-flakes-extremely-hot-67012300240,https://foodsofnations.com/cdn/shop/files/carolina-reaper-flakes-extremely-hot-67012300240_f95a06ae-4193-4071-9d7e-ec4054f6ca27.png?v=1739312694&width=533,In stock
Byadgi Chili Medium-Hot,From $5.99 USD,https://foodsofnations.com/products/byadgi-chili-medium-hot-67012300064,https://foodsofnations.com/cdn/shop/files/byadgi-chili-medium-hot-67012300064_ece47bbd-22aa-4f1f-bb9d-beea91099209.png?v=1739312692&width=533,In stock
Bell Pepper Red Powder Mild,From $6.99 USD,https://foodsofnations.com/products/bell-pepper-red-powder-mild-67012300194,https://foodsofnations.com/cdn/shop/files/bell-pepper-red-powder-mild-67012300194_ee7b1082-f9dc-40bb-8095-e3cd60736357.png?v=1739312685&width=533,In stock
Anaheim Chiles Green Diced Mild,From $6.99 USD,https://foodsofnations.com/products/anaheim-chiles-green-diced-mild-67012300374,https://foodsofnations.com/cdn/shop/files/anaheim-chiles-green-diced-mild-67012300374_0eba6d41-5001-4294-b9f0-2a0fc2ec66e4.png?v=1739312676&width=533,In stock
Pasilla De Oaxaca Ground Ex-Large Medium-Hot,From $13.99 USD,https://foodsofnations.com/products/pasilla-de-oaxaca-ground-ex-large-medium-hot-67012300185,https://foodsofnations.com/cdn/shop/files/pasilla-de-oaxaca-ground-ex-large-medium-hot-67012300185_a82f3719-cdbd-4b7f-949d-8686912c35c4.png?v=1739312876&width=533,In stock
Paprika Hot With Oil,From $6.99 USD,https://foodsofnations.com/products/paprika-hot-with-oil-67012300529,https://foodsofnations.com/cdn/shop/files/paprika-hot-with-oil-67012300529_a1895c6f-2954-4cec-851e-393ce58b38d2.png?v=1739312870&width=533,In stock
Moruga Scorpion Trinidad Pods Extremely-Hot,From $9.99 USD,https://foodsofnations.com/products/moruga-scorpion-trinidad-pods-extremely-hot-67012300276,https://foodsofnations.com/cdn/shop/files/moruga-scorpion-trinidad-pods-extremely-hot-67012300276_5a5b68ee-63de-4d96-b395-91341a5c6a7b.png?v=1739312858&width=533,In stock
Moruga Scorpion Pepper Trinidad Powder Extremely-Hot,From $9.99 USD,https://foodsofnations.com/products/moruga-scorpion-pepper-trinidad-powder-extremely-hot-67012300267,https://foodsofnations.com/cdn/shop/files/moruga-scorpion-pepper-trinidad-powder-extremely-hot-67012300267_485729e4-fe94-4b4c-89a9-1352f7ca671d.png?v=1739312856&width=533,In stock
Moruga Scorpion Pepper Trinida Extremely-Hot,From $9.99 USD,https://foodsofnations.com/products/moruga-scorpion-pepper-trinida-extremely-hot-67012300264,https://foodsofnations.com/cdn/shop/files/moruga-scorpion-pepper-trinida-extremely-hot-67012300264_9bc0c055-d332-4882-af9b-21ccc28beff0.png?v=1739312854&width=533,In stock
Japone Red Chili Japanese Medium-Hot,From $6.99 USD,https://foodsofnations.com/products/japone-red-chili-japanese-medium-hot-67012300088,https://foodsofnations.com/cdn/shop/files/japone-red-chili-japanese-medium-hot-67012300088_47756693-04ee-463c-ac70-1aca58fae35e.png?v=1739312834&width=533,In stock
Jalapeno Red Powder Mild-Hot,From $6.99 USD,https://foodsofnations.com/products/jalapeno-red-powder-mild-hot-67012300467,https://foodsofnations.com/cdn/shop/files/jalapeno-red-powder-mild-hot-67012300467_b507aba8-e3dd-471e-b37c-071e337f0221.png?v=1739312832&width=533,In stock
Jalapeno Flakes Green Mild-Hot,From $6.99 USD,https://foodsofnations.com/products/jalapeno-flakes-green-mild-hot-67012300458,https://foodsofnations.com/cdn/shop/files/jalapeno-flakes-green-mild-hot-67012300458_e8eddc17-ef86-4fdc-b329-704b41d67543.png?v=1739312826&width=533,In stock
Indian Red Chili Powder Ex-Hot,From $5.99 USD,https://foodsofnations.com/products/indian-red-chili-powder-ex-hot-67012300443,https://foodsofnations.com/cdn/shop/files/indian-red-chili-powder-ex-hot-67012300443_eb08bd2a-150a-40df-a2e1-7b54dd4ef4f9.png?v=1739312810&width=533,In stock
Hatch-New Mexico Red Chili Powder X Hot,From $7.99 USD,https://foodsofnations.com/products/hatch-new-mexico-red-chili-powder-x-hot-67012300428,https://foodsofnations.com/cdn/shop/files/hatch-new-mexico-red-chili-powder-x-hot-67012300428_a04a2399-d26b-4c94-952d-d7df250355a8.png?v=1739312800&width=533,In stock
Hatch Red Chile Pods Hot,From $6.99 USD,https://foodsofnations.com/products/hatch-red-chile-pods-hot-67012300055,https://foodsofnations.com/cdn/shop/files/hatch-red-chile-pods-hot-67012300055_6a123fd0-691e-44c7-bc5a-357287881a11.png?v=1739312786&width=533,In stock
Wrinkled Chili Indian Whole Medium-Hot,From $5.99 USD,https://foodsofnations.com/products/wrinkled-chili-indian-whole-medium-hot-67012300070,https://foodsofnations.com/cdn/shop/files/wrinkled-chili-indian-whole-medium-hot-67012300070_7637ee96-e751-44c4-9972-e880a5e57ba8.png?v=1739312991&width=533,In stock
Wiri Wiri Pepper Powder Super-Hot,From $12.99 USD,https://foodsofnations.com/products/wiri-wiri-pepper-powder-super-hot-67012300356,https://foodsofnations.com/cdn/shop/files/wiri-wiri-pepper-powder-super-hot-67012300356_5ca3c0e2-ef61-4246-a764-9cbce9106cde.png?v=1739312990&width=533,In stock
Wiri Wiri Pepper Flakes Super-Hot,From $9.99 USD,https://foodsofnations.com/products/wiri-wiri-pepper-flakes-super-hot-67012300353,https://foodsofnations.com/cdn/shop/files/wiri-wiri-pepper-flakes-super-hot-67012300353_7a068bbd-ebd7-4a47-a0ae-849163970a30.png?v=1739312987&width=533,In stock
Teja Chili Indian Whole Extra-Hot,From $5.99 USD,https://foodsofnations.com/products/teja-chili-indian-whole-extra-hot-67012300085,https://foodsofnations.com/cdn/shop/files/teja-chili-indian-whole-extra-hot-67012300085_17f769f1-e59b-4215-b767-ca82c303e182.png?v=1739312972&width=533,In stock
7 Pot Jonah Powder Extremely-Hot,From $9.99 USD,https://foodsofnations.com/products/7-pot-jonah-powder-extremely-hot-67012300225,https://foodsofnations.com/cdn/shop/files/7-pot-jonah-powder-extremely-hot-67012300225_2a815a47-cbc4-48aa-baca-fb08a49361d7.png?v=1739312968&width=533,In stock
7 Pot Brain Strain Pods Extremely-Hot,From $9.99 USD,https://foodsofnations.com/products/7-pot-brain-strain-pods-extremely-hot-67012300228,https://foodsofnations.com/cdn/shop/files/7-pot-brain-strain-pods-extremely-hot-67012300228_d31ece2e-b91a-4d03-9992-4c07fed6d3a3.png?v=1739312966&width=533,In stock
Scotch Bonnet Pepper Powder Super-Hot,From $9.99 USD,https://foodsofnations.com/products/scotch-bonnet-pepper-powder-super-hot-67012300347,https://foodsofnations.com/cdn/shop/files/scotch-bonnet-pepper-powder-super-hot-67012300347_d90ad4d8-8d4c-4d32-836f-fab92e6c751a.png?v=1739312936&width=533,In stock
Scorpion Buth T Pepper Trinidad Flakes Extremely-Hot,From $9.99 USD,https://foodsofnations.com/products/scorpion-buth-t-pepper-trinidad-flakes-extremely-hot-67012300270,https://foodsofnations.com/cdn/shop/files/scorpion-buth-t-pepper-trinidad-flakes-extremely-hot-67012300270_f71a9dc6-aba2-4b8b-a173-039a0ee1f21b.png?v=1739312930&width=533,In stock
Scorpion Butch T Pepper Trinidad Powder Extremely-Hot,From $9.99 USD,https://foodsofnations.com/products/scorpion-butch-t-pepper-trinidad-powder-extremely-hot-67012300273,https://foodsofnations.com/cdn/shop/files/scorpion-butch-t-pepper-trinidad-powder-extremely-hot-67012300273_5f804b30-daa6-4b20-a3b9-73e47a3ef7a7.png?v=1739312928&width=533,In stock
Scorpion Butch T Pepper Trinidad Pods Extremely-Hot,From $9.99 USD,https://foodsofnations.com/products/scorpion-butch-t-pepper-trinidad-pods-extremely-hot-67012300279,https://foodsofnations.com/cdn/shop/files/scorpion-butch-t-pepper-trinidad-pods-extremely-hot-67012300279_25e09b1c-721d-4995-8a80-f4907d4b21ef.png?v=1739312926&width=533,In stock
Red Savina Habanero Powder Super-Hot,From $9.99 USD,https://foodsofnations.com/products/red-savina-habanero-powder-super-hot-67012300338,https://foodsofnations.com/cdn/shop/files/red-savina-habanero-powder-super-hot-67012300338_71de0881-bc21-4b6a-b679-e145d70f3219.png?v=1739312916&width=533,In stock
Reaper X Pepper Powder Extremely-Hot,From $9.99 USD,https://foodsofnations.com/products/reaper-x-pepper-powder-extremely-hot-67012300204,https://foodsofnations.com/cdn/shop/files/reaper-x-pepper-powder-extremely-hot-67012300204_4fb3281d-5b40-4cd9-bd86-66b240b278e2.png?v=1739312908&width=533,In stock
Reaper X Pepper Pods Extremely-Hot S,$19.99 USD,https://foodsofnations.com/products/reaper-x-pepper-pods-extremely-hot-s-67012300203,https://foodsofnations.com/cdn/shop/files/reaper-x-pepper-pods-extremely-hot-s-67012300203_79bee3a9-643a-45bd-a4e9-e5052de5a921.png?v=1739312907&width=533,In stock
Poblano Green Chile Powder Mild,From $9.99 USD,https://foodsofnations.com/products/poblano-green-chile-powder-mild-67012300501,https://foodsofnations.com/cdn/shop/files/poblano-green-chile-powder-mild-67012300501_8215036a-6e61-4fe8-8a85-c278bc10a232.png?v=1739312901&width=533,In stock
Pequin (Piquin) Pepper Powder Hot,From $9.99 USD,https://foodsofnations.com/products/pequin-piquin-pepper-powder-hot-67012300320,https://foodsofnations.com/cdn/shop/files/pequin-piquin-pepper-powder-hot-67012300320_24fee2d4-5908-4625-9d2b-bc52fc36dc37.png?v=1739312890&width=533,In stock
Pequin (Piquin) Pepper Flakes Hot,From $9.99 USD,https://foodsofnations.com/products/pequin-piquin-pepper-flakes-hot-67012300317,https://foodsofnations.com/cdn/shop/files/pequin-piquin-pepper-flakes-hot-67012300317_4af16eed-9d95-4429-947b-9dbed39f3221.png?v=1739312885&width=533,In stock
